id,name,app_reference,category,description,slide_count,usage_count,rating,tags,is_active,performance_notes,reference_tiktok_url,action,slide1_top,slide1_center,slide1_bottom,slide2_top,slide2_center,slide2_bottom,slide3_top,slide3_center,slide3_bottom,slide4_top,slide4_center,slide4_bottom,slide5_top,slide5_center,slide5_bottom,slide6_top,slide6_center,slide6_bottom,slide7_top,slide7_center,slide7_bottom,slide8_top,slide8_center,slide8_bottom,slide9_top,slide9_center,slide9_bottom,slide10_top,slide10_center,slide10_bottom
d08e9207-d937-4801-a8d9-4beb2eaae3c9,Accidentally studied for seven hours today and didn't text anyone! ,minutewise,educational,,5,2,,,false,,https://www.tiktok.com/@miniutewise_thomas/photo/7522175732420726037?_d=secCgYIASAHKAESPgo86CCO5z%2F58pNe1%2FlzTO0dmnO6G%2FBomF1nAFBPjJd0%2B65J1Oto7H6STsfDLpZC26cbmV1%2BaKG70kPboW%2FwGgA%3D&_r=1&_svg=1&aweme_type=150&checksum=0942fad31a73db8e9f0fa2a9d9aeb578d9e911effc8fc59438153680ba1efb3a&link_reflow_popup_iteration_sharer=%7B%22click_empty_to_play%22%3A1%2C%22dynamic_cover%22%3A1%2C%22follow_to_play_duration%22%3A-1.0%2C%22profile_clickable%22%3A1%7D&pic_cnt=5&preview_pb=0&sec_user_id=MS4wLjABAAAAwOfTeHHHMw4s98938J_Q5aqFM_TIg_nNRt1FHLh21PIqPYnCWE1FzrKtLN3WGjMq&share_app_id=1233&share_item_id=7522175732420726037&share_link_id=3de00346-cf8c-44f9-821d-a25cb74a22bb&share_scene=11&sharer_language=en&social_share_type=14&source=h5_m&timestamp=1753074177&u_code=ekik5jb3c47mkf&ug_btm=b8727%2Cb2878&ug_photo_idx=0&ugbiz_name=UNKNOWN&user_id=7512791193265341448&utm_campaign=client_share&utm_medium=android&utm_source=copy,,Accidentally studied for seven hours today and didn't text anyone!,,Thank God I'm single and I don't have to explain it to someone's uneducated son..,"1. STUDYING In public
the social Facilitation effect.",Seeing others working around can motivate you to stay productive instead of procrastinating.,,2. 321 method,Three tasks - Two brakes - One hour of learning.,,3. AI note taker- Minute wise.,"My favorite study app, takes notes, create quizzes, Flash card",,4. Study Music,"Classical music, Lo-fi beats, Ambient and natural sounds, Instrumental Soundtracks",,,,,,,,,,,,,,,,
e5868130-3d34-4dab-8a50-319b086e1db3,How to study smart and not hard?,minutewise,educational,,5,4,,,false,,https://www.tiktok.com/@studyv.tok/photo/7495758883281997062?is_from_webapp=1&web_id=7518687806144120351,,,How to study smart and not hard?,,Feynman technique.,"Step 1. Choose what you want to learn.
Step 2. Teach it simply. Explaining it in your own words like you are explaining it to a child.
Step 3. Find gaps: spots that you don't understand. 
Step 4. Review and simplify: Relearn and explain more clearly.
Step 5. Repeat. Go over it again. To get a full understanding.",,MINUTEWISE,"That translates and transcribes every lecture and zoom meeting into perfect notes, So that you don't waste your time Taking notes and use it to learn better.",,3-2-1 RECALL,"1. After learning: finish your study session.
2. REcall three things: Write down three key points that you remember.
3. RECall 2 details: Add specific facts or..Examples. 
4. RECall one question: write one question that you still have.
5. Review Later: To deepen your understanding.",,POMODORO Technique,"1. Set a task: The one you want to work on.
2. Work for 25 minutes: Fully for one POMODORO (i.e 25 minutes)
3. Take a short break: rest for 5 minutes.
4. Repeat: Use 4 pomodoro then.
5. A long break: for 15 to 30 minutes and then start again.",,,,,,,,,,,,,,,,
25748859-c9a6-4873-be44-9795f3e7f9e2,I found the best AI tool for students?,minutewise,educational,,5,2,,,false,,https://www.tiktok.com/@mracademics/photo/7361190955887709448?_d=secCgYIASAHKAESPgo81c8YOBqfwZS5h6OccAGW%2BzeWlB5ev6assgl8bhrOqzIUXg6FZpf699LhJAk1KDt6kv%2ByfHhXBFSmxygQGgA%3D&_r=1&_svg=1&aweme_type=150&checksum=b9287f662aee1fa513f97a50fa0cf30285be6631456127983fb8ec52076064c1&link_reflow_popup_iteration_sharer=%7B%22click_empty_to_play%22%3A1%2C%22dynamic_cover%22%3A1%2C%22follow_to_play_duration%22%3A-1.0%2C%22profile_clickable%22%3A1%7D&pic_cnt=3&preview_pb=0&sec_user_id=MS4wLjABAAAAOFHyBXdPr-OxKY1XpX6pbYtBJuvr2TsoEV5AoLod8wyh9Sa4lhqFyn-y3-FgFIxY&share_app_id=1233&share_item_id=7361190955887709448&share_link_id=d624801d-c797-46c1-b41c-f0c6b55c4b2b&share_scene=11&sharer_language=en&social_share_type=14&source=h5_m&timestamp=1752487813&u_code=ekibd7m231h00e&ug_btm=b5836%2Cb2878&ug_photo_idx=0&ugbiz_name=UNKNOWN&user_id=7512431861400273928&utm_campaign=client_share&utm_medium=android&utm_source=more,,,I found the best AI tool for students?,,,AI tool like Minute wise.,,,"Record and transcribe your lectures, meetings, interviews, and more with our AI-powered platform.",,100+ Languages Supported,"support 100+ languages, so you can record and transcribe in your language.",,Generate summaries and insights,Generate summaries and insights from your notes to help easily and fast memorize the content.,,,,,,,,,,,,,,,,
575e7057-cd61-4c35-9bbf-4a50127f1196," If you are not studying Someone else is,",minutewise,educational,,6,10,,,false,,https://www.tiktok.com/@smartnotetips/photo/7464252725656554770?is_from_webapp=1&web_id=7512367289586681375,,,"If you are not studying
Someone else is,
And he is going to take your spot.",,Active recall,"Step 1 :Read your material.
Step 2 :Choose one of these methods. Blurting 
                                                              Flashcards 
                                                              Mindmap
Step 3 :Make organized summary 
             (application Mentioned on the next slide)",,BLURTING,"1. Let AI make your notes. (for that use MINUTEWISE) Best study app all around the AI circle, that helps you get Instant notes, records all your lectures and zoom meetings. And give you summarized and well-organized notes.
2. Write everything you remember.
3. RECheck and repeat.",,FLASHCARDS,"1. Use the topic notes. 
2. Put the term on one side in their definition on the other. 
3. Go over all the cards.",,MINDMAP,"1. Begin with the central idea or the topic in the center of your page
2. Branch out all the main categories.
3. Create sub-branches with subcategories. 
4. Keep up branching ideas to expand your mind map.",,,COMMENT NOTES I WILL SHARE THE LINK OF THIS AI NOTE-TAKING TOOL,,,,,,,,,,,,,
35d07a1a-5c2a-437f-b301-9d9042e720e3,Secret study tip that changed my grade from C to A. ,minutewise,educational,,7,3,,,false,Great performance ,,,,"Secret study tip that changed my grades
 from C to A.",,1. My sleep routine,"When I have my important exam, I sleep with my notes because this helps me remember them. I also go to bed at 8:30 PM and wake up at 5:30 AM. This is scientifically a peak performance time for work.",,2. Recording my notes in class,I always record all my lectures using Minutewise. That gives me perfect notes of every single lecture,,3. I read three books a week,"I try to read two hours every day. Because this improves my vocab and grammar. I highlight words that are different, add them to my vocab notes on my mobile.",,4. Secret connection,I use a specific scent (Fruity or vanilla) while studying and then I use the same scent when I am in my exam hall. This scientifically tricks your mind to remember your notes.,,5. The study bank method,I read 1 paragraph of a chapter as much as I can. I turn it into questions and do it for the entire chapter. Works when you are answering questions in real time.,,6. Using Apps like Minutewise really saved my time as I don't have to make notes and focus on my studies.,,Available on IOS,,,,,,,,,
f58488a5-bc46-4b72-b9ed-50d5a4ace095,Stop rereading. It’s not working.,minutewise,educational,"""The most overpowered study methods"" changed to ""Stop rereading. It’s not working.""",6,5,,,true,Performance was good but due to content fatigue the script is tweaked! ,https://www.tiktok.com/@thinkyonspotify/photo/7491715581184412959?_d=secCgYIASAHKAESPgo8FVXfyTFeNHe%2FJip5PrJu4MGM0q1abdVq%2Fv%2BwGtbP6W%2BmqM%2BsgJWxz6jzOktsK5ZET8o53U8Z2QTeHxxnGgA%3D&_r=1&_svg=1&aweme_type=150&checksum=e7beb17261f5705159119346d07f2c490738aa4d730e0abb6c8e1cb223a0f4c6&link_reflow_popup_iteration_sharer=%7B%22click_empty_to_play%22%3A1%2C%22dynamic_cover%22%3A1%2C%22follow_to_play_duration%22%3A-1.0%2C%22profile_clickable%22%3A1%7D&pic_cnt=5&preview_pb=0&sec_user_id=MS4wLjABAAAAvZ6hf8txmYh5C8Ek7CXhaaEufXbSpeFq4ovpq2PRgjhNZ77Z-0Cy5phHxy-dYDav&share_app_id=1233&share_item_id=7491715581184412959&share_link_id=10bd9dab-604d-4d70-9586-b1441727adf8&share_scene=11&sharer_language=en&social_share_type=14&source=h5_m&timestamp=1752472148&u_code=dlc7ed1h90mh13&ug_btm=b8727%2Cb2878&ug_photo_idx=3&ugbiz_name=UNKNOWN&user_id=7024429761079673862&utm_campaign=client_share&utm_medium=android&utm_source=whatsapp,,,"Stop rereading.
It’s not working.",,,"Blurting
best for biology & chemistry

→ forces panic-recall (which = real memory)",,,"Feynman Technique
best for math & history

→ if you can’t explain it simply, you don’t know it",,,"Pomodoro Technique
best for writing & reading

→ makes 2 hours feel like 30 mins",,,But what if you can’t even make proper notes in class?,,"Your professor speaks at 2x speed?
Let MinuteWise App handle it.

Records. Transcribes. Turns lectures into clean notes.",,On App Store.,,,,,,,,,,,,
3b8b2637-d4b1-4f43-b604-37e146e71415,Study hacks I wish I knew earlier.,minutewise,educational,,8,5,,,false,,https://www.tiktok.com/@bixv_a/photo/7486133769938701590?_d=secCgYIASAHKAESPgo80wSu9L7p27LV%2BDn6%2FFbblfYHjiCXbxrcxX%2BTlVy6UiBAUZah3iZE6CxaLhSQ4SdkuPxgWGa%2BRMBPqZyeGgA%3D&_r=1&_svg=3&checksum=4ad153bb6ab5e7bdc69f0f628730712019a24ba64ac53012906308c4c6da9f5f&cover_exp=v0&link_reflow_popup_iteration_sharer=%7B%22follow_to_play_duration%22%3A-1%2C%22dynamic_cover%22%3A1%2C%22click_empty_to_play%22%3A1%2C%22profile_clickable%22%3A1%7D&preview_pb=0&sec_user_id=MS4wLjABAAAAYfpWFqiCOvAxFjxi3eYYFcSCHtEHl2Yl5Xn538svDD-TYsJLHDGmeO3VOOO4xZJv&share_app_id=1233&share_item_id=7486133769938701590&share_link_id=54029EF9-D0D8-4DF2-8C50-691799AD9E11&share_scene=11&sharer_language=en&social_share_type=14&source=h5_m&timestamp=1751902181&tt_from=copy&u_code=ekg3c0158hk12h&ug_btm=b5836%2Cb2878&ug_photo_idx=0&user_id=7510192409444647982&utm_campaign=client_share&utm_medium=ios&utm_source=copy,,,Study hacks I wish I knew earlier.,,,1. Colour Code notes by topics and not just by color.,,,2. Group studying together to fill knowledge gaps better and faster.,,,"3. Using minute wise to make notes Instead of wasting my time on writing them. 
(comment for link)",,,4. Studying for 25 minutes and then taking rest (Pomodoro technique),,,5. 5 minute rules: Study for some time and once you are exhausted push yourself for five more minutes.,,,"6. Turn off your screen one hour before bed.
 Good sleep = Good memory.",,,7. If you don't want to write notes comment LINK And I will share the AI tool with you.,,,,,,,
9ab3d34f-ba21-4d52-9650-be65df00f2b6,Study Methods I wish I knew sooner,minutewise,educational,,4,7,,,false,,https://www.tiktok.com/@samantha.bollock/photo/7503999036358348078?_d=secCgYIASAHKAESPgo8dBjzMJG8hDfCclUWsktFDSEH7n2NelMrzKU8ZtvTeMGWqCXKkmPHEfjjZOm9oBM0iIliD%2BArY%2BDlY2mIGgA%3D&_r=1&_svg=1&aweme_type=150&checksum=07c61f24571f24bf763a05e78922f60296ec754dd10e05577ad62a78601873e3&link_reflow_popup_iteration_sharer=%7B%22click_empty_to_play%22%3A1%2C%22dynamic_cover%22%3A1%2C%22follow_to_play_duration%22%3A-1.0%2C%22profile_clickable%22%3A1%7D&pic_cnt=3&preview_pb=0&sec_user_id=MS4wLjABAAAAioIMVdp1SgQ3K3yfQJjr2PpPA0lyMWettboihd-T72sjAYL30aRy-GTwwi814w25&share_app_id=1233&share_item_id=7503999036358348078&share_link_id=9910d938-7ee0-4812-b3a5-c8e1737025e7&share_scene=11&sharer_language=en&social_share_type=14&source=h5_m&timestamp=1753643507&u_code=ekfh33ff0fl9c2&ug_btm=b2878%2Cb2878&ug_photo_idx=0&ugbiz_name=UNKNOWN&user_id=7509803644498609153&utm_campaign=client_share&utm_medium=android&utm_source=copy,,Tips I wish I knew sooner,,,,"English: Feynman Technique
Math's: Practice problem
Science: Active Recall
Chemistry: Practice problems",,,"History: S3QR method
Biology: Active Recall
Psychology: Feynman technique
Geography: Active Recall",,,The app I use to make notes is Minutewise that saves so much time for me to actually study.,,,,,,,,,,,,,,,,,,,
41898054-2329-4054-bd4b-aeff8a5ffa63,Best time to study (according to science),minutewise,habits,,5,4,,,true,,https://www.tiktok.com/@samantha.bollock/photo/7501411625631616302?_d=secCgYIASAHKAESPgo8Oryu%2FYxN01ZK20k1rSvDfHV43Vg72%2BQvpPICV%2Brr9LiGRhMvaso%2BJKirOZf9MYY7FujxgbzIouNL7vpPGgA%3D&_r=1&_svg=1&aweme_type=150&checksum=eb39f8a964d2e3ce4738f139b4fce96c82c01408a80f502f03b49dd26c731dd7&link_reflow_popup_iteration_sharer=%7B%22click_empty_to_play%22%3A1%2C%22dynamic_cover%22%3A1%2C%22follow_to_play_duration%22%3A-1.0%2C%22profile_clickable%22%3A1%7D&pic_cnt=5&preview_pb=0&sec_user_id=MS4wLjABAAAAioIMVdp1SgQ3K3yfQJjr2PpPA0lyMWettboihd-T72sjAYL30aRy-GTwwi814w25&share_app_id=1233&share_item_id=7501411625631616302&share_link_id=6db84d34-c3ea-42cd-a2c2-aa9961052d15&share_scene=11&sharer_language=en&social_share_type=14&source=h5_m&timestamp=1753643652&u_code=ekfh33ff0fl9c2&ug_btm=b5836%2Cb2878&ug_photo_idx=0&ugbiz_name=UNKNOWN&user_id=7509803644498609153&utm_campaign=client_share&utm_medium=android&utm_source=copy,,,Best time to study (according to science),,Morning 4:00 AM to 11:00 AM,"Brain function is 100%
Perfect for tough subjects like math and physics",,Day 12:00 PM to 2:00 PM,"Energy dip? 
Focus is still good for.. Viewing materials and writing essays",,Evening 5:00 PM to 8:00 AM,"Night owl mode
Great for creative tasks: Art, drama etc., listening to lectures",,Problem: Most students are too worried to take notes. So they don't pay attention to the lectures.,Solution: is to use Minutewise that can record your lectures and easily transcribe it into notes that you just have to learn.,,,,,,,,,,,,,,,,
1fceea73-1f76-47cc-ae54-2c3a9bc4d3cb,How tf does he get good grades,minutewise,habits,,2,4,,,false,great performance ,https://www.tiktok.com/@dnldsz/video/7403738347287416071?_r=1&_t=ZS-8y1AdCCHAh8,,,"How tf does he get good grades, 
If he doesn't study?",,,Just using minute wise and focusing on Learning.,,,,,,,,,,,,,,,,,,,,,,,,,
3e3d0557-c69d-4e77-ba01-4e960f0e11a7,Steal my secret to study for long hours ,minutewise,habits,,7,17,,,false,,https://www.tiktok.com/@phuonghocdi/video/7389542279830162706?_r=1&_t=ZP-8xusJS1wqS7,,,Steal my secret to study for long hours,,,1. plan,,,2. Pomodoro,,,3. MinuteWise: note taking app,,,4. Ambient sound,,,5. Hydration,,,6. Company,,,,,,,,,,
6c3ecbf5-bfe2-4c03-b6a5-7bfc928a89e9,6 Toxic study motivation,minutewise,motivational,,7,3,,,false,,https://www.tiktok.com/@lovebeawizard/photo/7509482298920668424?_d=secCgYIASAHKAESPgo8IqUaEdDGcBWh%2BVdry1vXhPUlm%2BZ8TU2vcHQq21bTleiMc4MNUSrrVPGIouB0Ffmn01pP2OijSeoK0xr3GgA%3D&_r=1&_svg=3&checksum=c34eddf0b5005282ebc4497532fbe9079cc5194a688d0c081eaa720b6d76494c&link_reflow_popup_iteration_sharer=%7B%22click_empty_to_play%22%3A1%2C%22follow_to_play_duration%22%3A-1%2C%22profile_clickable%22%3A1%2C%22dynamic_cover%22%3A1%7D&preview_pb=0&sec_user_id=MS4wLjABAAAAEzTrpVXR_iqg4x5BrQumci3NcnghiPPns0oAGC470qdcue6BS79tLqWHxKOYso-T&share_app_id=1233&share_item_id=7509482298920668424&share_link_id=D3420229-7E76-4058-BB34-2A0B08941DCC&share_scene=11&sharer_language=en&social_share_type=14&source=h5_m&timestamp=1752167230&tt_from=copy&u_code=ekiik5fd7id4bj&ug_btm=b8727%2Cb2878&ug_photo_idx=0&user_id=7512734276250502175&utm_campaign=client_share&utm_medium=ios&utm_source=copy,,,6 Toxic study motivation,,,"1. Imagine everyone laughing at you for being the girl who dreams for success, but don't work for it.",,,"2. You don't wanna look back, but you wish you worked a little harder. Give up your lame excuses and show up.",,,"3. You're not ashamed of how little you've accomplished today. Congratulations, you are an average.",,,"4. Every time you scroll through your phone, someone is securing your spot at the bottom.",,,5. If you are not ahead of everyone else. You are already behind.,,,6. Prove Them wrong,,,,,,,,,,
75f7f178-c371-4db2-87c3-ddc9478ae9e4,Everything that kills me makes me feel alive,minutewise,motivational,,5,55,,,false,,https://www.tiktok.com/@studytokerapp/photo/7524276263188466951?_d=secCgYIASAHKAESPgo8p7SFKqioCffFNZitNoUX1NP2k77cMtCw3%2B%2Fsn651TQu3Mo2VmZT5zqH9fbetJ58%2Frw7J74%2F4Rx%2B3ybcLGgA%3D&_r=1&_svg=3&checksum=a36e15109383a1e564d5f4262546fc917bf738924f72dfacdb2fcc23369a50ff&link_reflow_popup_iteration_sharer=%7B%22profile_clickable%22%3A1%2C%22follow_to_play_duration%22%3A-1%2C%22click_empty_to_play%22%3A1%2C%22dynamic_cover%22%3A1%7D&preview_pb=0&reflow_page_type=1&sec_user_id=MS4wLjABAAAA5mGQJMDvg47WS1PMA7c4RwJ-Mj9xZLzP2BSzkAYjR5XxqIW8Hq-6k2CaLGfpLvei&share_app_id=1233&share_item_id=7524276263188466951&share_link_id=93375EAD-EA54-46C7-BE33-DC7D1640C137&share_scene=11&sharer_language=en&social_share_type=14&source=h5_m&timestamp=1754375454&tt_from=copy&u_code=ehgdf9e1k9aih1&ug_btm=b8727%2Cb2878&ug_photo_idx=0&user_id=7444868953263047722&utm_campaign=client_share&utm_medium=ios&utm_source=copy,,,"Everything that kills 
me makes me feel alive",,1. Relying only on rereading.,"Simply rereading notes and textbooks creates an illusion of learning but doesn't improve recall. 
Use active recall: Close your book and try to recall key concepts from your memory without checking your notes.",Use Feynman technique,2. Studying for long hours without break.,"Studying for long hours without a break leads to mental fatigue and decreases productivity. 
Use pomodoro technique: Study for 25 to 50 minutes and then take a break of 5-10 minutes to give your brain some rest.",,3. Using AI to study.,AI apps like Minutewise can turn your lectures and meetings into simple notes and give you time to actually understand and learn the concept.,Available on IOS,4. IGNORING practice questions,"Memorizing theory without testing yourself makes it hard to apply knowledge in exams. 
Past papers, quizzes and practice questions help identify weak spots and improve exam confidence.",,,,,,,,,,,,,,,,
9aa78314-3fd6-496b-a500-63fe5161e24c,Study until you're the one everyone wants answers from.,minutewise,motivational,,5,102,,,false,,https://www.tiktok.com/@smartnotetips/photo/7469155096257940754?is_from_webapp=1&sender_device=pc&web_id=7520224937136915976,,,Study until you're the one everyone wants answers from.,,#1 Memorizing without understanding,"Problem:

Memorizing without understanding makes you forget quickly, struggle to apply knowledge, reduce critical thinking, and get confused with variations","Solution: 

Feynman, Feynman, Feynman.",#2 Studying only before exams.,"Problem: 

Cramming too much information in a short time overwhelms the brain, leads to poor retention.","Solution:

Do quizzes, study with flashcards, and review consistently instead of cramming.",#3 Poor planning and time management,"Problem: 

Last-minute studying without a clear schedule makes it hard to stay in control and leaves insufficient time for revision","Solution: 

Create a proper study plan",,"Use Minutewise: AI Note Taker

An app that supports note-taking creates quizzes, flashcards and mindmap to help you review consistently. It allows you to test your knowledge using the Feynman technique and provides scoring. You can create a folder to organize your study plan effectively.",,,,,,,,,,,,,,,,
9e5dd71b-47ce-458c-94c1-2be81bd2382b,You are not lazy.  You are just overwhelmed.  Do this.,minutewise,motivational,,7,3,,,false,great  engagement,https://www.tiktok.com/@align.dx/photo/7489820093438889238?_d=secCgYIASAHKAESPgo8vlGELxEVnh4erb%2B8nS%2BDkmMpPNVmE%2BoN9PiUebME36DlR%2B9id05s6EkzyvYtalsxV96kfvjZcHeRwFypGgA%3D&_r=1&_svg=3&checksum=7b8902b748647a38677313cd8c20188413501efe61cd017c2d2822faac26a2e7&link_reflow_popup_iteration_sharer=%7B%22click_empty_to_play%22%3A1%2C%22follow_to_play_duration%22%3A-1%2C%22profile_clickable%22%3A1%2C%22dynamic_cover%22%3A1%7D&preview_pb=0&sec_user_id=MS4wLjABAAAAEzTrpVXR_iqg4x5BrQumci3NcnghiPPns0oAGC470qdcue6BS79tLqWHxKOYso-T&share_app_id=1233&share_item_id=7489820093438889238&share_link_id=D888EA24-B361-4B53-B613-15E75D45E7A5&share_scene=11&sharer_language=en&social_share_type=14&source=h5_m&timestamp=1752167193&tt_from=copy&u_code=ekiik5fd7id4bj&ug_btm=b8727%2Cb2878&ug_photo_idx=2&user_id=7512734276250502175&utm_campaign=client_share&utm_medium=ios&utm_source=copy,,"You are not lazy. 
You are just overwhelmed. 
Do this.",,,Dump everything that is in your head,You can't organize the chaos if it is still in your mind,,Sort out by energy and not time.,"Low energy? do the simple stuff
High energy? tackle the deep work",,Use AI = BE SMART,"Use tools like minutewise to generate notes and summaries 
This will help you get extra time for your studies",,Stop over planning. Start doing.,Perfectionism is equal to procrastination in disguise.,,Set a focus hour daily.,"No phone, no distraction, just a powerful hour of progress.",,Celebrate small wins.,"Momentum is built by noticing progress, not waiting for perfectionism.",,,,,,,,,,
7ec28579-5fa3-4785-934b-dc75cb933be7,4 tips I wish I knew as an incoming freshman in college.,minutewise,tips,,5,2,,,false,,https://www.tiktok.com/@somsomwhere/photo/7527433760028069133?_d=secCgYIASAHKAESPgo8iQmuBGXb9v%2B4GXh3tYwiIk8L08%2Ff9ntOX%2BZ4Qam%2BTbEC7zYhKMTqDiGT9kwvku6I2gOxSe7ZdSnv0VeuGgA%3D&_r=1&_svg=3&aweme_type=150&checksum=d5e7da068ca5735d1829e8b57d87739a28347dd7b81b4bf66726a48a0f199e18&link_reflow_popup_iteration_sharer=%7B%22click_empty_to_play%22%3A1%2C%22dynamic_cover%22%3A1%2C%22follow_to_play_duration%22%3A-1.0%2C%22profile_clickable%22%3A1%7D&pic_cnt=6&preview_pb=0&sec_user_id=MS4wLjABAAAA3lTqmWq1-77pt0xpr_USonYr-H4rKT_AEiFUi5NC_YHRZM_2mTiWJUn1Dk464HOQ&share_app_id=1233&share_item_id=7527433760028069133&share_link_id=59d8f9b1-cd97-4b8e-8bc7-6e9d3d5cccc1&share_scene=11&sharer_language=en&social_share_type=14&source=h5_m&timestamp=1753149643&u_code=ekia0b96ibh5j7&ug_btm=ChatShellActivity%2Cb2878&ug_photo_idx=0&ugbiz_name=UNKNOWN&user_id=7512367289577161759&utm_campaign=client_share&utm_medium=android&utm_source=copy,,,4 tips I wish I knew as an incoming freshman in college.,,,"1. Have a Google Calendar to keep track of their assignments, exams and important dates.",,,2. Join as many clubs and organizations on campus as you can make more friends and network.,,,3. Use study Tools like minute wise that can decode all your lectures and give you instant summaries.,,,"4. Go out to study with your friends, either in a library or in a cafe. It helps you more than studying alone in a private dorm.",,,,,,,,,,,,,,,,
f9104edf-2be7-402d-9fde-1d53d351c189,Common mistakes students make while studying,minutewise,tips,,4,3,,,false,,,,,Common mistakes students make while studying,,1. Spending too much time passively reading.,"Problem: Spending hours upon hours passively reading notes thinking it's actually studying while you have actually wasted a lot of time doing barely anything for your memory 

Solution: Only spend 10 to 15 minutes reading your material and then start memorizing",,2. Taking notes during lectures,"Problem: Most students are too worried to take notes, so they don't pay attention to the lectures. 

Solution: is to use Minutewise that can record your lectures and easily transcribe it into notes that you just have to learn.",,3. Missing key information,"Problem: Missing key Information is the main difference why you get 3.5 and not 4.0 GPA!

Solution: is to get a clean summary from Minutewise with key pointers.",,,,,,,,,,,,,,,,,,,
8922cb71-43ac-4ce2-b138-1604dd50037f,Great study tips that gave me a 4.0 In my semester. ,minutewise,tips,,5,6,,,false,,https://www.tiktok.com/@cathy.queen75/photo/7510322971500662023?_d=secCgYIASAHKAESPgo8kfzfcxjrn%2F9Q5mHO4R3P3QWTcG9ub9o%2F8djqzRlK4tm%2FeZFPOLkAafIe2amQjb11QW7awEsfBsezw%2BgBGgA%3D&_r=1&_svg=1&aweme_type=150&checksum=ebe383279f9a4d278096f756f25d4936a7066179088f24ab3e7a364437899f01&link_reflow_popup_iteration_sharer=%7B%22click_empty_to_play%22%3A1%2C%22dynamic_cover%22%3A1%2C%22follow_to_play_duration%22%3A-1.0%2C%22profile_clickable%22%3A1%7D&pic_cnt=5&preview_pb=0&sec_user_id=MS4wLjABAAAAvZ6hf8txmYh5C8Ek7CXhaaEufXbSpeFq4ovpq2PRgjhNZ77Z-0Cy5phHxy-dYDav&share_app_id=1233&share_item_id=7510322971500662023&share_link_id=c04c6626-643d-4039-bea6-10eed5cd8f3f&share_scene=11&sharer_language=en&social_share_type=14&source=h5_m&timestamp=1752472328&u_code=dlc7ed1h90mh13&ug_btm=b8727%2Cb2878&ug_photo_idx=0&ugbiz_name=UNKNOWN&user_id=7024429761079673862&utm_campaign=client_share&utm_medium=android&utm_source=whatsapp,,,Great study tips that gave me a 4.0 In my semester.,,Reading 30 minutes a day will give you a better IQ.,"I read three books a week and my vocabulary game is at its peak. 
I recommend Atomic Habits and 48 Laws of Power.",,Record your notes.,"A+ students always record their lectures using minute wise AI. 
Allows them to have every single note of every lecture.
They don't waste their time writing notes. Instead, they learn.",,Active recall,"After revising your notes, get a blank piece of paper and try to recall everything that you just learned. Focusing on the parts you couldn't remember or still have trouble with will help you be prepared for when it comes on an exam.",,,This app called Minute Wise is really helpful for you as it transcribes your notes into perfect summaries and helps you learn more instead of writing notes.,Ask for link in the caption,,,,,,,,,,,,,,,
f56a7135-4a9f-47f5-85db-529622d693dd,Hacks to become Top 1% on the student’s list.,minutewise,tips,,6,2,,,false,,https://www.tiktok.com/@academic_motivation1/photo/7522462337245252882?_d=secCgYIASAHKAESPgo8R44oUhDeyQwoqlKOdQFBKpWZvU70mKxP95JpgAWsiZ9vV4puQzQ4NBw8MOlljyR1bOazBkbRov84ExTuGgA%3D&_r=1&_svg=1&aweme_type=150&checksum=3aadb334c91911f5d5859f15fe9599226be62db1b8a13bf2f0caa8fe99768e30&link_reflow_popup_iteration_sharer=%7B%22click_empty_to_play%22%3A1%2C%22dynamic_cover%22%3A1%2C%22follow_to_play_duration%22%3A-1.0%2C%22profile_clickable%22%3A1%7D&pic_cnt=6&preview_pb=0&sec_user_id=MS4wLjABAAAAvZ6hf8txmYh5C8Ek7CXhaaEufXbSpeFq4ovpq2PRgjhNZ77Z-0Cy5phHxy-dYDav&share_app_id=1233&share_item_id=7522462337245252882&share_link_id=ceb6f197-5823-4f89-b311-723fe7255d15&share_scene=11&sharer_language=en&social_share_type=14&source=h5_m&timestamp=1752472182&u_code=dlc7ed1h90mh13&ug_btm=b8727%2Cb2878&ug_photo_idx=4&ugbiz_name=UNKNOWN&user_id=7024429761079673862&utm_campaign=client_share&utm_medium=android&utm_source=whatsapp,,,Hacks to become Top 1% on the student’s list.,,,Use spaced repetition to improve long term memorization,,,Summaries using keywords and important information using Minutewise,,,Maintain a consistent sleep schedule.,,,Ask questions and understand the content before revising.,,,Use minutewise AI to get Perfect note summaries.,,,,,,,,,,,,,
137e4467-0235-4a83-8fdd-5188cf2ca5f5,How Harvard students actually study. ,minutewise,tips,,7,7,,,false,,https://www.tiktok.com/@studywith.emily/photo/7505819344736177454?is_from_webapp=1&web_id=7518687806144120351,,,How Harvard students actually study.,,Spaced repetition.,"They don't cram. Just review stuff after one day, three days, and then a week. This sounds simple, but this is how they remember everything.",,AI generated notes.,They don't make their own notes and waste their time.They actually use AI tools like Minute wise that records all their lectures and summarizes them into Clean and clear notes.,,Feynman technique.,"One of the Harvard students told me.
If you can't explain it to a 10 year old you don't even understand the topic. This is the Feynman technique and I use this all the time.",,Cornell's notes.,"Question on the side
Answers in the middle
And summary at the bottom
Best way to summarize and memorize everything.",,Concept sprints,"They don't study a single topic for hours
30 minutes Chem
30 minutes physics
30 minutes bio
It trains your brain to stay focused all the time",,AI tools like Minute wise.,"Record and transcribe your lectures, meetings, interviews, and more with our AI-powered platform.",Generate summaries and insights from your notes to help easily and fast memorize the content.,,,,,,,,,
8e747e94-7491-4f29-99a4-75734d7e8d7d,How to study for finals?,minutewise,tips,,8,3,,,false,,https://www.tiktok.com/@cathy.queen75/photo/7504636487846251794?_d=secCgYIASAHKAESPgo83qmaYVBu38%2F5RWaK6l2wLAtbQ7Rlz1lWAya8Mjgiw1Fobi1EvBxjIbWVwgOWrBaAEjUp4kTCyRD4v4GSGgA%3D&_r=1&_svg=1&aweme_type=150&checksum=66e61d40d0d12f3474b416b64ea9e20bd38f806cdffe6bd560b6ea31357bfcbe&link_reflow_popup_iteration_sharer=%7B%22click_empty_to_play%22%3A1%2C%22dynamic_cover%22%3A1%2C%22follow_to_play_duration%22%3A-1.0%2C%22profile_clickable%22%3A1%7D&pic_cnt=3&preview_pb=0&sec_user_id=MS4wLjABAAAAvZ6hf8txmYh5C8Ek7CXhaaEufXbSpeFq4ovpq2PRgjhNZ77Z-0Cy5phHxy-dYDav&share_app_id=1233&share_item_id=7504636487846251794&share_link_id=3c895dc9-ae16-468f-9bf0-0918e602b413&share_scene=11&sharer_language=en&social_share_type=14&source=h5_m&timestamp=1752472441&u_code=dlc7ed1h90mh13&ug_btm=b2878%2Cb2878&ug_photo_idx=2&ugbiz_name=UNKNOWN&user_id=7024429761079673862&utm_campaign=client_share&utm_medium=android&utm_source=whatsapp,,,How to study for finals?,,,"Two weeks before
Make a plan
Space out smaller parts
Review, often in small chunks",,,"The week before
Look over study materials
And find someone to study with",,,"The night before, 
don't cram
Do a review 
Relax and sleep",,,"In the morning, 
have a good breakfast
And make sure you are on time",,,"One hour before 
relax and hang out with friends",,,"A few minutes before, 
take a deep breath 
and stay calm",,,"After that, don't overthink it and move on",Use this app to focus on your exams like crazy,,,,,,
0a432b27-145d-4334-ac4a-0e9eb3e4c797,"June 17, 2025",minutewise,tips,,4,369,,,false,,https://www.tiktok.com/@smartnotetips/photo/7468744931889122578?is_from_webapp=1&sender_device=pc&web_id=7519814909590455838,,,Studying because there's no better feeling than seeing the exam questions and immediately knowing the answers,,,Just use...,,,"Feynman technique

Active Recall

SQ3R method",,,"App I use:
Minutewise AI
Take notes, create quizzes, flashcards, mindmap and review with Feynman technique",,,,,,,,,,,,,,,,,,,
4eafb9a4-5371-4ee1-bbea-4168bdfcea6d,My favorite study method to get A+ all the time.,minutewise,tips,,4,6,,,false,,https://www.tiktok.com/@studyv.tok/photo/7464357897074445573?is_from_webapp=1&web_id=7518687806144120351,,,My favorite study method to get A+ all the time.,,,You want to memorize it all: LEITNER,,,"Want to have good Notes: MINUTEWISE AI 
(Comment notes for link)",,,Stay focused all the time: POMODORO,,,,,,,,,,,,,,,,,,,
02a4f6c0-6d98-4075-b150-9b8061004a28,Secrets about studying for different subjects that nobody will tell you,minutewise,tips,,7,6,,,false,,https://www.tiktok.com/@a.u_.k/photo/7489420892775189778?_d=secCgYIASAHKAESPgo8GS0GfyRTpz8cp%2FpPA%2BphMsk0zLl5xEOaoBraNHmZlzrYgcb2MkvXc3UHTTGQVAdrYLNSEL3MDu1%2BALM%2BGgA%3D&_r=1&_svg=3&checksum=32fe23e19b4b2071e488ef813dafdc989fb786fbe325696de64f3fc77caebc20&link_reflow_popup_iteration_sharer=%7B%22click_empty_to_play%22%3A1%2C%22follow_to_play_duration%22%3A-1%2C%22profile_clickable%22%3A1%2C%22dynamic_cover%22%3A1%7D&preview_pb=0&sec_user_id=MS4wLjABAAAAEzTrpVXR_iqg4x5BrQumci3NcnghiPPns0oAGC470qdcue6BS79tLqWHxKOYso-T&share_app_id=1233&share_item_id=7489420892775189778&share_link_id=10ADA61F-729C-4EF0-AF53-33B62D007C44&share_scene=11&sharer_language=en&social_share_type=14&source=h5_m&timestamp=1752167210&tt_from=copy&u_code=ekiik5fd7id4bj&ug_btm=b8727%2Cb2878&ug_photo_idx=2&user_id=7512734276250502175&utm_campaign=client_share&utm_medium=ios&utm_source=copy,,,Secrets about studying for different subjects that nobody will tell you,LAST ONE IS THE MOST IMPORTANT,MATHS,"Stop rewatching the same tutorial. 
Do one hard question and force yourself to explain it out loud.
Struggle = learning.",,English,"Don't just read the book.
Write the key ideas in your own words. While explaining it to a 10 year old. 
If you can't, you don't understand it.",,Science,"Memorization is a trap. Understand the ‘why’ behind the concepts. 
Pretend you are teaching a clueless friend.",,History,"Time timelines over notes. You don't see the connections, you'll never remember them. Use arrows, draw, make it visual.",,Geography,"Maps > textbooks
Label Everything. The more you interact with the info, the more it sticks.",,,"The ultimate tip is to stop making notes and use Minutewise AI to do it for you. 
More time = more learning.",,,,,,,,,,
d65d58a7-4b17-4669-bed5-d4c08d8be487,Smart people are not disciplined.,minutewise,tips,,2,6,,,false,,https://www.tiktok.com/@studyv.tok/photo/7473129947859520823?is_from_webapp=1&web_id=7518687806144120351,,,"Smart people are not disciplined.
They are smart because they use AI tools.",,,COMMENT AI TO GET THE TOOL’S LINK,,,,,,,,,,,,,,,,,,,,,,,,,
d4699ad6-9264-4246-9f1a-46e7cfda6f75,Study for hours but it doesn't seem to help?,minutewise,tips,,8,3,,,false,,https://www.tiktok.com/@bixv_a/photo/7497309275157515542?_d=secCgYIASAHKAESPgo8zL05FA4vWYuusorT%2BEXw%2BdFP70fG0mO01r4PRMRiJ4Q9k4%2FkQkYz6kx6tR3K5JPzQw%2FFm78kgdqSEnFqGgA%3D&_r=1&_svg=3&checksum=1276bdcf8ffe79452b864a0e6c2d69e94b2c124245a63bf6db7c64eb7e827e4b&cover_exp=v0&link_reflow_popup_iteration_sharer=%7B%22follow_to_play_duration%22%3A-1%2C%22dynamic_cover%22%3A1%2C%22click_empty_to_play%22%3A1%2C%22profile_clickable%22%3A1%7D&preview_pb=0&sec_user_id=MS4wLjABAAAAYfpWFqiCOvAxFjxi3eYYFcSCHtEHl2Yl5Xn538svDD-TYsJLHDGmeO3VOOO4xZJv&share_app_id=1233&share_item_id=7497309275157515542&share_link_id=2CD5E67A-98E1-4AC5-9B0A-5205F502504F&share_scene=11&sharer_language=en&social_share_type=14&source=h5_m&timestamp=1751902131&tt_from=copy&u_code=ekg3c0158hk12h&ug_btm=b5836%2Cb2878&ug_photo_idx=0&user_id=7510192409444647982&utm_campaign=client_share&utm_medium=ios&utm_source=copy,,,Study for hours but it doesn't seem to help?,,,Because you are studying the wrong way!!,,,Focus on understanding and not memorizing.,,,Test yourself instead of reading.,,,"Stop making notes and let AI do this for you.
 (LINK ON THE LAST SLIDE)",,,Flash cards to practice active recall.,,,STOP Multitasking and focus on one thing at a time.,,,Comment NOTES and i will share you the link of the AI note taking app.,,,,,,,
78c7ff2d-5919-4693-9869-863dc3cc121e,Tips.for.Next.year.school. ,minutewise,tips,,6,9,,,false,great performance ,https://www.tiktok.com/@nias_.diaries/photo/7521808115193367830?_d=secCgYIASAHKAESPgo8B39P0hPXypr2RSI1LLXpdty01xB%2BjR8lCP2DowlVDU46wwhi6e%2FAHeoopwvnwysS%2BbU7gtPOnvFqGVcdGgA%3D&_r=1&_svg=3&checksum=dde3fe0335442c07538b79000969f1381ecd3f225231fd9a2ac2e390a9fe4255&link_reflow_popup_iteration_sharer=%7B%22click_empty_to_play%22%3A1%2C%22follow_to_play_duration%22%3A-1%2C%22profile_clickable%22%3A1%2C%22dynamic_cover%22%3A1%7D&preview_pb=0&sec_user_id=MS4wLjABAAAAEzTrpVXR_iqg4x5BrQumci3NcnghiPPns0oAGC470qdcue6BS79tLqWHxKOYso-T&share_app_id=1233&share_item_id=7521808115193367830&share_link_id=7831CDBE-9849-45E0-8829-8ECF5EC1275B&share_scene=11&sharer_language=en&social_share_type=14&source=h5_m&timestamp=1752167162&tt_from=copy&u_code=ekiik5fd7id4bj&ug_btm=b8727%2Cb2878&ug_photo_idx=3&user_id=7512734276250502175&utm_campaign=client_share&utm_medium=ios&utm_source=copy,,Tips.for.Next.year.school.,,,"Be yourself, don't try to be someone you envy.","Don't make fun of anyone, students or teachers.","Don't make any drama for popularity. Be you, be yourself.",Do your homework,Don't wait till the last minute and copy off others. Try to do it on the day it is assigned or set. Or have specific days set for your homework.,Make it more enjoyable listening to music and drinking hot cocoa.,Keep all your lectures recorded,And take your notes using minutewise as it can make a perfect summary,Have organized notes and summaries,Don't skip your breakfast,Meal prep them if you struggle with time and take it on the go.,Filling breakfast will help you focus more,Ready for test in advance,The moment you receive the date sheets start prepping study material and eventually start studying,,,,,,,,,,,,,
ca4ab2e5-82c7-4505-b66f-19ffd7b07150,Trial,minutewise,tips,,3,295,,,true,,,,"I can’t write fast enough
and listen at the same time",,,"summaries helped me
focus instead of scrambling
to keep up",,,"MinuteWise App does this
in one place
no complicated setup",,,,,,,,,,,,,,,,,,,,,,,
d6cde2b0-a419-48ee-bdc0-d6905ba4e294,Want this? ,minutewise,tips,,4,2,,,false,,https://www.tiktok.com/@kln_0321/photo/7505461435250560274?_d=secCgYIASAHKAESPgo8iei8cy2xLmYfRsWBp1j1ySfqIp3HyG0eFbzwvfXhGtNTZlKD3OWWYxyUuA%2BUYmKy91zGNdJnf2x%2BwEjYGgA%3D&_r=1&_svg=3&checksum=8b061280c6d00bf759e106cce25875275b0c4bba0e5ac2103b27afcfdd5e0f29&link_reflow_popup_iteration_sharer=%7B%22profile_clickable%22%3A1%2C%22follow_to_play_duration%22%3A-1%2C%22dynamic_cover%22%3A1%2C%22click_empty_to_play%22%3A1%7D&preview_pb=0&sec_user_id=MS4wLjABAAAA5Y99sh1gWGyh9PRYB7mPPVPqktKVKGfZ_MhKfHnJ4r_WHuSw3FPc9dnjmBD2txcU&share_app_id=1233&share_item_id=7505461435250560274&share_link_id=82BC5C4B-E1E9-4F5A-BBC3-D6CBA0A3FACA&share_scene=11&sharer_language=en&social_share_type=14&source=h5_m&timestamp=1752507928&tt_from=copy&u_code=ekib77fd4if1j4&ug_btm=b8727%2Cb2001&ug_photo_idx=2&user_id=7512421032290092062&utm_campaign=client_share&utm_medium=ios&utm_source=copy,,,Want this?,,And this?,,,"Do this! 
1. Feynman
2. Blurting
3. Chunking
4. Test and exams
5. Flash cards
6. Memorizing",,,,Use this app to focus on your exams like crazy.,Comment 'notes' for the link,,,,,,,,,,,,,,,,,,
652f52ce-bca7-4cbd-ab83-b7c2d5e209e9,When you realize it's not about being smart,minutewise,tips,,4,2,,,false,,https://www.tiktok.com/@study.tips.hub/photo/7510474009381801223?_d=secCgYIASAHKAESPgo82e3IzC9NXT82TnRv1AHSmmk1Ou%2F730FP3RJ31NyKfBNcTWJx09pN3ifqhGaqHD3TbR%2FxJsZ5ZOmLq4hJGgA%3D&_r=1&_svg=1&aweme_type=150&checksum=6e81f82d08bbce4517177b7cd7626607a03cbade7346c9573682a1efebe70e42&link_reflow_popup_iteration_sharer=%7B%22click_empty_to_play%22%3A1%2C%22dynamic_cover%22%3A1%2C%22follow_to_play_duration%22%3A-1.0%2C%22profile_clickable%22%3A1%7D&pic_cnt=4&preview_pb=0&sec_user_id=MS4wLjABAAAAOFHyBXdPr-OxKY1XpX6pbYtBJuvr2TsoEV5AoLod8wyh9Sa4lhqFyn-y3-FgFIxY&share_app_id=1233&share_item_id=7510474009381801223&share_link_id=c6227258-bf0e-4a2f-b98f-cd3b657b271e&share_scene=11&sharer_language=en&social_share_type=14&source=h5_m&timestamp=1752487526&u_code=ekibd7m231h00e&ug_btm=b5836%2Cb2878&ug_photo_idx=0&ugbiz_name=UNKNOWN&user_id=7512431861400273928&utm_campaign=client_share&utm_medium=android&utm_source=more,,,When you realize it's not about being smart.,,,It's about being dedicated.,,,"Using studying methods. 
1. Feynman
2. Blurting
3. Chunking
4. Test and exams.
5. Flash cards
6. Memorizing.",,,The AI app I use is minute wise.,,,,,,,,,,,,,,,,,,,
0b6f25e0-0767-41a5-968e-6128e79ee5ee,Old Deleted Template of Minutewise,minutewise,,,4,0,,,false,,,,,Studying because I want to make my parents feel proud :hugging_face:,,,Just use...,,,"Feynman technique

Active Recall

SQ3R method",,,"App I use:
Minutewise AI
Take notes, create quizzes, flashcards, mindmap and review with Feynman technique",,,,,,,,,,,,,,,,,,,
1be100a4-6af8-4ec9-a713-c721fc272777,Best comebacks of 2026,roastai,,,7,0,,,false,,,,,Best comebacks of 2026,,,"THEM- you are such a failure.....
ROAST AI- oh I didn't realize you were an expert on failure",,,"THEM- you are so clueless.... 
ROAST AI- funny, I seem to have found my way out of your stupid mind",,,"THEM- you're such a joke ....
ROAST AI- if I am a joke you are the punchline because no one is laughing",,,"THEM- nobody likes you ....
ROAST AI- quality over quantity my friend",,,"THEM- you're such a waste of space....
ROAST AI- yeah just like this conversation",,Not for the weak.,,Roast AI: texting assistant on iOS,,,,,,,,,
79f5d86c-2308-4661-b4b1-e5866553f2b0,Best insults of 2025,roastai,,,8,0,,,false,,,,,Best insults of 2025,,,I bet your parents change the topic when they are asked about you,,,if you were the price at the end of a raise I'd run backward,,,you are the human equivalent of a participation reward,,,your grades say marry but your face says study harder,,,I expected nothing from you but you still disappointed me,,,"if you were a type of spice, you would be flour",,Think you can handle it?,,"Download Roast AI: texting assistant.
Available on App Store",,,,,,
0efb4abd-80de-4265-82d3-7d368d242f19,Best Roasts to win every battle,roastai,,,6,0,,,false,,,,,Best Roasts to win every battle,,,your mama teeth so yellow she put the Sun out of business,,,you are so fat when you jumped in a pool all the water disappeared,,,your mama so ugly she made a Happy Meal cry,,,you mama is so fat when she tried to eat healthy she ate chocolate broccoli,,Roast AI: texting assistant will humble you. 😈,,Available on iOS,,,,,,,,,,,,
808e19e5-1d96-4e2c-9d36-ae60ee48f194,Elegant Roasts PART 1 ,roastai,,,5,1,,,false,,,,,Elegant Roasts PART 1,,,"instead of “no one asked” say, I do not recall any individual inquiring thy whatsoever",,,"instead of “you are tall” say, thy has been significantly elongated in the womb",,,"instead of “your opinion is trash” say, once beliefs are absolutely vacuous",,,"You’ll get it once you try it.
Roast AI: texting assistant!! Available on IOS",,,,,,,,,,,,,,,,
841a6e6e-1470-4f90-a502-ba3312ac5cb3,Elegant Roasts PART 2,roastai,,,5,0,,,false,,,,,Elegant Roasts PART 2,,,"instead of “get away from me” say, will thy kindly egress from this particularly irritating situation",,,"instead of “shut up” say, will thy hastily shut one’s loquacious mouth",,,"instead of “you will know women” say, one’s approach to obtaining women of such class is absolute absurdity",,We’re not explaining. Download it.,,Roast AI: texting assistant available on IOS,,,,,,,,,,,,,,,
a1242547-41cc-47fd-bbd0-50b622ca57ae,Elegant Roasts PART 3,roastai,,,5,0,,,false,,,,,Elegant Roasts PART 3,,,"Instead of “you’re bald” say, thy head does not withhold such greatly magnificent locks",,,"Instead of “you’re a cheater” say, thou are completely impotent at such festivities that thy individual has to preposterously escape the demise of a sufferable defeat",,,"Instead of “you’re so gross” say, thus, you as a discrete individual show such atrocious behaviors in everyday actions",,,AI will humble you. Roast AI: texting assistant!! Available on iOS,,,,,,,,,,,,,,,,
b9730c01-6c4e-4e17-b3e8-55dd81cc265c,Elegant Roasts PART 4,roastai,,,5,0,,,false,,,,,Elegant Roasts PART 4,,,"Instead of “you’re dumb” say, thy individual is incompitant",,,"Instead of “your mom” say, i have done thy mother",,,"Instead of “you’re stupid” say, thus, you as an individual are undeveloped",,,"Yeah… I tried it. Your turn. 
Roast AI: texting assistant, available on IOS",,,,,,,,,,,,,,,,
f1195ee2-02a5-4f64-9c98-0fc1e1af5b82,Elegant Roasts PART 5,roastai,,,5,5,,,false,,,,,Elegant Roasts PART 5,,,"Instead of “you fat cow” say, thou possess the slender build of a morbidly bloated bullock",,,"Instead of “you have no life” say, thou need a worthless and purposeless existence",,,"Instead of “you are cringe” say, thou art more a source of embarrassment than of entertainment",,,Your turn — Roast AI: texting assistant on the App Store,,,,,,,,,,,,,,,,
1293f5f1-ece7-4ab7-8d83-6c69d7dd6868,Elegant Roasts PART 6,roastai,,,5,34,,,false,,,,,Elegant Roasts PART 6,,,"instead of “your forehead is so big” say, one’s forehead of such surface area illuminates the sun, creating an illusion of a second sun!",,,"Instead of “your lips are chapped” say, it seems that your lips have fallen victim of the arid winds of time",,,"Instead of “you are adopted” say, thy parents have given Thy up to adoption due to the unpleasant features one hold",,,Roast AI: texting assistant will humble you. Available on iOS,,,,,,,,,,,,,,,,
cb6cb758-f2f8-4f9f-ba0b-6012b0419f5e,Template 1 for Roast AI,roastai,,,8,8,,,true,,https://www.tiktok.com/@unhinged_roastai/photo/7593714167404629261?is_from_webapp=1&web_id=7498272594505483819,,Top 5 Roasts That Sound Illegal,,,"I’d say you’re “one in a million” …

which explains why no one like you exists.",,,"You don’t have dumb ideas.

You ARE the limited edition.",,,"I’d explain it to you,

but I left my crayons at home.",,,"You don’t need a GPS.

You already lost in life.",,,"You don’t look stupid…

it’s just your personality leaking.",,,Can’t roast on the spot?,,,"Try Roast AI – Testing Assistant

Instant savage replies. Zero hesitation.",,,,,,,,
b2ab257a-01df-4302-bf04-dfdd1438625a,Template 2 ,roastai,,,6,7,5,,true,,https://www.tiktok.com/@unhinged_roastai/photo/7593524033958857998?is_from_webapp=1&web_id=7498272594505483819,,"Best Comebacks

(Use responsibly.)",,,“You’re such a failure.”,"Roast AI:

Oh, I didn’t realize you were speaking from experience.",,“You’re so clueless.”,"Roast AI:

Funny. I managed to find my way out of your conversation.",,“You’re such a joke.”,"Roast AI:

If I’m the joke, you’re the setup.

And no one’s laughing.",,“Nobody likes you.”,"Roast AI:

Quality over quantity.

You wouldn’t understand.",,Always think of comebacks 3 hours later?,"Roast AI – Texting Assistant

Instant replies. Zero hesitation.

On AppStore.",,,,,,,,,,,,,
a7f92240-de30-4b6e-8ced-76c0fc3787cc,Template 3,roastai,,,8,15,5,,true,,https://www.tiktok.com/@unhinged_roastai/photo/7593782218728787255,,“Insults that end friendships”,,,At least I’m not as wide as the Great Wall of China.,,,Your entire existence is as disliked as modern SpongeBob episodes.,,,You’re as wide as a Nationwide hazard.,,,Your eyebrows are as dramatic as the Golden Gate Bridge.,,,You look like you snuck onto Earth.,,,Can’t think of roasts on the spot?,,,"Roast AI – Testing Assistant

Instant savage replies.

On AppStore.",,,,,,,,
09eacf92-63c1-4c1e-aaa2-421938899583,Top 10 best insults for your friends (will no longer be friends) ,roastai,,,11,6,,,false,,,,Top 10 best insults for your friends,,(will no longer be friends),,you look like something I drew with my left hand,,,at least I'm not as wide as the Great Wall of China,,,you are so lonely that you have a stink bug on your window named Fred,,,your entire existence is as disliked as a modern SpongeBob episode,,,you are as useless as a white crayon,,,you collect calories like they're Pokémon cards,,,your eyes are so far apart they make social distancing ashamed,,,you look 6’4 horizontally,,,it's not 2019 why are your teeth social distancing,